epoch number,test number,l,N,G,Pm,Pc,,,,,,,,,,,,,,,,,,,,,,,,,,,,,,,,,,,,,,,,,,,
,,,,,,,,,,,,,,,,,,,,,,,,,,,,,,,,,,,,,,,,,,,,,,,,,
1,1,20,30,10,0.033,0.6,,,,,,,,,,,,,,,,,,,,,,,,,,,,,,,,,,,,,,,,,,,
,,,,,,,,,,,,,,,,,,,,,,,,,,,,,,,,,,,,,,,,,,,,,,,,,
averagefitness,,,,,,,,,,,,,,,,,,,,,,,,,,,,,,,,,,,,,,,,,,,,,,,,,
,,,,,,,,,,,,,,,,,,,,,,,,,,,,,,,,,,,,,,,,,,,,,,,,,
0.105724941,0.109475189,0.125510545,0.072460641,0.017677644,0.070806099,0.247540098,0.093963441,0.254798336,0.696136517,,,,,,,,,,,,,,,,,,,,,,,,,,,,,,,,,,,,,,,,
,,,,,,,,,,,,,,,,,,,,,,,,,,,,,,,,,,,,,,,,,,,,,,,,,
bestfitness,,,,,,,,,,,,,,,,,,,,,,,,,,,,,,,,,,,,,,,,,,,,,,,,,
,,,,,,,,,,,,,,,,,,,,,,,,,,,,,,,,,,,,,,,,,,,,,,,,,
0.93057231,0.376531635,0.376531635,0.38471937,0.265164661,0.265164661,0.265904861,0.265904861,0.533590193,0.827159048,,,,,,,,,,,,,,,,,,,,,,,,,,,,,,,,,,,,,,,,
,,,,,,,,,,,,,,,,,,,,,,,,,,,,,,,,,,,,,,,,,,,,,,,,,
numcorrectbits,,,,,,,,,,,,,,,,,,,,,,,,,,,,,,,,,,,,,,,,,,,,,,,,,
,,,,,,,,,,,,,,,,,,,,,,,,,,,,,,,,,,,,,,,,,,,,,,,,,
11,11,8,9,8,9,7,9,10,12,,,,,,,,,,,,,,,,,,,,,,,,,,,,,,,,,,,,,,,,
,,,,,,,,,,,,,,,,,,,,,,,,,,,,,,,,,,,,,,,,,,,,,,,,,
 ,,,,,,,,,,,,,,,,,,,,,,,,,,,,,,,,,,,,,,,,,,,,,,,,,
,,,,,,,,,,,,,,,,,,,,,,,,,,,,,,,,,,,,,,,,,,,,,,,,,
epoch number,test number,l,N,G,Pm,Pc,,,,,,,,,,,,,,,,,,,,,,,,,,,,,,,,,,,,,,,,,,,
,,,,,,,,,,,,,,,,,,,,,,,,,,,,,,,,,,,,,,,,,,,,,,,,,
1,2,20,30,10,0.033,0.6,,,,,,,,,,,,,,,,,,,,,,,,,,,,,,,,,,,,,,,,,,,
,,,,,,,,,,,,,,,,,,,,,,,,,,,,,,,,,,,,,,,,,,,,,,,,,
averagefitness,,,,,,,,,,,,,,,,,,,,,,,,,,,,,,,,,,,,,,,,,,,,,,,,,
,,,,,,,,,,,,,,,,,,,,,,,,,,,,,,,,,,,,,,,,,,,,,,,,,
0.160156515,0.372840357,0.486522329,0.253975344,0.123169834,0.254058906,0.478665011,0.110948153,0.040068486,0.051891482,,,,,,,,,,,,,,,,,,,,,,,,,,,,,,,,,,,,,,,,
,,,,,,,,,,,,,,,,,,,,,,,,,,,,,,,,,,,,,,,,,,,,,,,,,
bestfitness,,,,,,,,,,,,,,,,,,,,,,,,,,,,,,,,,,,,,,,,,,,,,,,,,
,,,,,,,,,,,,,,,,,,,,,,,,,,,,,,,,,,,,,,,,,,,,,,,,,
0.994919034,0.979262941,0.919061253,0.593252831,0.424605571,0.420092274,0.585537197,0.309348031,0.310224951,0.141522819,,,,,,,,,,,,,,,,,,,,,,,,,,,,,,,,,,,,,,,,
,,,,,,,,,,,,,,,,,,,,,,,,,,,,,,,,,,,,,,,,,,,,,,,,,
numcorrectbits,,,,,,,,,,,,,,,,,,,,,,,,,,,,,,,,,,,,,,,,,,,,,,,,,
,,,,,,,,,,,,,,,,,,,,,,,,,,,,,,,,,,,,,,,,,,,,,,,,,
16,14,15,13,14,14,10,11,8,13,,,,,,,,,,,,,,,,,,,,,,,,,,,,,,,,,,,,,,,,
,,,,,,,,,,,,,,,,,,,,,,,,,,,,,,,,,,,,,,,,,,,,,,,,,
 ,,,,,,,,,,,,,,,,,,,,,,,,,,,,,,,,,,,,,,,,,,,,,,,,,
,,,,,,,,,,,,,,,,,,,,,,,,,,,,,,,,,,,,,,,,,,,,,,,,,
epoch number,test number,l,N,G,Pm,Pc,,,,,,,,,,,,,,,,,,,,,,,,,,,,,,,,,,,,,,,,,,,
,,,,,,,,,,,,,,,,,,,,,,,,,,,,,,,,,,,,,,,,,,,,,,,,,
1,3,20,30,10,0.033,0.6,,,,,,,,,,,,,,,,,,,,,,,,,,,,,,,,,,,,,,,,,,,
,,,,,,,,,,,,,,,,,,,,,,,,,,,,,,,,,,,,,,,,,,,,,,,,,
averagefitness,,,,,,,,,,,,,,,,,,,,,,,,,,,,,,,,,,,,,,,,,,,,,,,,,
,,,,,,,,,,,,,,,,,,,,,,,,,,,,,,,,,,,,,,,,,,,,,,,,,
0.112878194,0.288426959,0.50957026,0.443876542,0.703526975,0.146528542,0.004126913,0.046605978,0.073231858,0.012815407,,,,,,,,,,,,,,,,,,,,,,,,,,,,,,,,,,,,,,,,
,,,,,,,,,,,,,,,,,,,,,,,,,,,,,,,,,,,,,,,,,,,,,,,,,
bestfitness,,,,,,,,,,,,,,,,,,,,,,,,,,,,,,,,,,,,,,,,,,,,,,,,,
,,,,,,,,,,,,,,,,,,,,,,,,,,,,,,,,,,,,,,,,,,,,,,,,,
0.98913393,0.98913393,0.999447007,0.99965673,0.99965673,0.518468195,0.123703752,0.093184737,0.073231858,0.012815407,,,,,,,,,,,,,,,,,,,,,,,,,,,,,,,,,,,,,,,,
,,,,,,,,,,,,,,,,,,,,,,,,,,,,,,,,,,,,,,,,,,,,,,,,,
numcorrectbits,,,,,,,,,,,,,,,,,,,,,,,,,,,,,,,,,,,,,,,,,,,,,,,,,
,,,,,,,,,,,,,,,,,,,,,,,,,,,,,,,,,,,,,,,,,,,,,,,,,
17,16,17,15,15,8,13,9,8,12,,,,,,,,,,,,,,,,,,,,,,,,,,,,,,,,,,,,,,,,
,,,,,,,,,,,,,,,,,,,,,,,,,,,,,,,,,,,,,,,,,,,,,,,,,
 ,,,,,,,,,,,,,,,,,,,,,,,,,,,,,,,,,,,,,,,,,,,,,,,,,
,,,,,,,,,,,,,,,,,,,,,,,,,,,,,,,,,,,,,,,,,,,,,,,,,
 ,,,,,,,,,,,,,,,,,,,,,,,,,,,,,,,,,,,,,,,,,,,,,,,,,
,,,,,,,,,,,,,,,,,,,,,,,,,,,,,,,,,,,,,,,,,,,,,,,,,
 ,,,,,,,,,,,,,,,,,,,,,,,,,,,,,,,,,,,,,,,,,,,,,,,,,
,,,,,,,,,,,,,,,,,,,,,,,,,,,,,,,,,,,,,,,,,,,,,,,,,
epoch number,test number,l,N,G,Pm,Pc,,,,,,,,,,,,,,,,,,,,,,,,,,,,,,,,,,,,,,,,,,,
,,,,,,,,,,,,,,,,,,,,,,,,,,,,,,,,,,,,,,,,,,,,,,,,,
2,1,30,20,25,0.1,0.3,,,,,,,,,,,,,,,,,,,,,,,,,,,,,,,,,,,,,,,,,,,
,,,,,,,,,,,,,,,,,,,,,,,,,,,,,,,,,,,,,,,,,,,,,,,,,
averagefitness,,,,,,,,,,,,,,,,,,,,,,,,,,,,,,,,,,,,,,,,,,,,,,,,,
,,,,,,,,,,,,,,,,,,,,,,,,,,,,,,,,,,,,,,,,,,,,,,,,,
0.106019543,0.537712382,0.344467607,0.210878284,5.27E-06,0.00655412,0.018391379,1.28E-06,0.86323668,0.354855704,0.143406023,0.174782243,0.003122521,0.004632779,0.014352182,0.204016738,7.99E-08,0.001946482,0.008452022,0.539519419,0.172187089,0.12458547,0.325702346,0.041896215,0.039717323,,,,,,,,,,,,,,,,,,,,,,,,,
,,,,,,,,,,,,,,,,,,,,,,,,,,,,,,,,,,,,,,,,,,,,,,,,,
bestfitness,,,,,,,,,,,,,,,,,,,,,,,,,,,,,,,,,,,,,,,,,,,,,,,,,
,,,,,,,,,,,,,,,,,,,,,,,,,,,,,,,,,,,,,,,,,,,,,,,,,
0.715799338,0.740681073,0.742533534,0.741985334,0.000100441,0.00655412,0.018391379,1.28E-06,0.959151724,0.959152217,0.959151849,0.18652599,0.0065775,0.008508464,0.018347267,0.505517353,1.60E-07,0.030418527,0.008452022,0.598942674,0.589721112,0.415283403,0.803724048,0.042035579,0.044362424,,,,,,,,,,,,,,,,,,,,,,,,,
,,,,,,,,,,,,,,,,,,,,,,,,,,,,,,,,,,,,,,,,,,,,,,,,,
numcorrectbits,,,,,,,,,,,,,,,,,,,,,,,,,,,,,,,,,,,,,,,,,,,,,,,,,
,,,,,,,,,,,,,,,,,,,,,,,,,,,,,,,,,,,,,,,,,,,,,,,,,
14,15,16,16,18,15,15,22,19,13,16,11,17,17,15,16,12,16,17,16,14,19,16,16,18,,,,,,,,,,,,,,,,,,,,,,,,,
,,,,,,,,,,,,,,,,,,,,,,,,,,,,,,,,,,,,,,,,,,,,,,,,,
 ,,,,,,,,,,,,,,,,,,,,,,,,,,,,,,,,,,,,,,,,,,,,,,,,,
,,,,,,,,,,,,,,,,,,,,,,,,,,,,,,,,,,,,,,,,,,,,,,,,,
epoch number,test number,l,N,G,Pm,Pc,,,,,,,,,,,,,,,,,,,,,,,,,,,,,,,,,,,,,,,,,,,
,,,,,,,,,,,,,,,,,,,,,,,,,,,,,,,,,,,,,,,,,,,,,,,,,
2,2,30,20,25,0.1,0.3,,,,,,,,,,,,,,,,,,,,,,,,,,,,,,,,,,,,,,,,,,,
,,,,,,,,,,,,,,,,,,,,,,,,,,,,,,,,,,,,,,,,,,,,,,,,,
averagefitness,,,,,,,,,,,,,,,,,,,,,,,,,,,,,,,,,,,,,,,,,,,,,,,,,
,,,,,,,,,,,,,,,,,,,,,,,,,,,,,,,,,,,,,,,,,,,,,,,,,
0.08988199,0.100173574,0.054157233,0.029800884,0.153100585,0.636057774,0.117080045,0.065353587,0.02325853,0.109496812,0.044775334,0.110054371,0.063663072,0.009721123,3.68E-05,0.458341925,0.368725258,0.07709076,0.039337031,0.001900299,0.07745335,0.115137047,0.011937403,0.002399425,0.011433285,,,,,,,,,,,,,,,,,,,,,,,,,
,,,,,,,,,,,,,,,,,,,,,,,,,,,,,,,,,,,,,,,,,,,,,,,,,
bestfitness,,,,,,,,,,,,,,,,,,,,,,,,,,,,,,,,,,,,,,,,,,,,,,,,,
,,,,,,,,,,,,,,,,,,,,,,,,,,,,,,,,,,,,,,,,,,,,,,,,,
0.539913312,0.586490799,0.102368949,0.059600378,0.510263137,0.726766558,0.500275791,0.494910048,0.115738061,0.115738061,0.115738232,0.119034531,0.117604148,0.021177084,3.68E-05,0.572918203,0.604957924,0.305699855,0.37290372,0.001985357,0.085931551,0.378329859,0.011937403,0.046629804,0.046787443,,,,,,,,,,,,,,,,,,,,,,,,,
,,,,,,,,,,,,,,,,,,,,,,,,,,,,,,,,,,,,,,,,,,,,,,,,,
numcorrectbits,,,,,,,,,,,,,,,,,,,,,,,,,,,,,,,,,,,,,,,,,,,,,,,,,
,,,,,,,,,,,,,,,,,,,,,,,,,,,,,,,,,,,,,,,,,,,,,,,,,
17,13,12,17,20,16,17,17,16,16,16,14,13,13,14,17,19,13,14,14,15,13,10,18,14,,,,,,,,,,,,,,,,,,,,,,,,,
,,,,,,,,,,,,,,,,,,,,,,,,,,,,,,,,,,,,,,,,,,,,,,,,,
 ,,,,,,,,,,,,,,,,,,,,,,,,,,,,,,,,,,,,,,,,,,,,,,,,,
,,,,,,,,,,,,,,,,,,,,,,,,,,,,,,,,,,,,,,,,,,,,,,,,,
epoch number,test number,l,N,G,Pm,Pc,,,,,,,,,,,,,,,,,,,,,,,,,,,,,,,,,,,,,,,,,,,
,,,,,,,,,,,,,,,,,,,,,,,,,,,,,,,,,,,,,,,,,,,,,,,,,
2,3,30,20,25,0.1,0.3,,,,,,,,,,,,,,,,,,,,,,,,,,,,,,,,,,,,,,,,,,,
,,,,,,,,,,,,,,,,,,,,,,,,,,,,,,,,,,,,,,,,,,,,,,,,,
averagefitness,,,,,,,,,,,,,,,,,,,,,,,,,,,,,,,,,,,,,,,,,,,,,,,,,
,,,,,,,,,,,,,,,,,,,,,,,,,,,,,,,,,,,,,,,,,,,,,,,,,
0.130604764,0.213133276,0.057789844,0.258007516,0.178160972,0.001269367,0.064255336,0.087665796,0.089354082,0.006388493,0.011813389,0.529547645,0.185601798,4.61E-07,0.013546557,0.118874171,0.120827837,0.138142883,0.019289531,0.018590493,0.029673699,0.002539917,0.353722889,0.213406521,0.442961502,,,,,,,,,,,,,,,,,,,,,,,,,
,,,,,,,,,,,,,,,,,,,,,,,,,,,,,,,,,,,,,,,,,,,,,,,,,
bestfitness,,,,,,,,,,,,,,,,,,,,,,,,,,,,,,,,,,,,,,,,,,,,,,,,,
,,,,,,,,,,,,,,,,,,,,,,,,,,,,,,,,,,,,,,,,,,,,,,,,,
0.779056066,0.844280486,0.592904853,0.559986163,0.424249416,0.005077466,0.128510672,0.186325269,0.221250783,0.008221546,0.025479734,0.65836773,0.658381252,1.67E-06,0.014119583,0.118874171,0.120827837,0.138142883,0.104025324,0.105306242,0.04904872,0.005079834,0.353722889,0.691563466,0.849522069,,,,,,,,,,,,,,,,,,,,,,,,,
,,,,,,,,,,,,,,,,,,,,,,,,,,,,,,,,,,,,,,,,,,,,,,,,,
numcorrectbits,,,,,,,,,,,,,,,,,,,,,,,,,,,,,,,,,,,,,,,,,,,,,,,,,
,,,,,,,,,,,,,,,,,,,,,,,,,,,,,,,,,,,,,,,,,,,,,,,,,
18,14,19,16,14,15,15,15,14,15,14,12,15,18,18,19,10,14,18,15,17,19,16,22,19,,,,,,,,,,,,,,,,,,,,,,,,,
,,,,,,,,,,,,,,,,,,,,,,,,,,,,,,,,,,,,,,,,,,,,,,,,,
 ,,,,,,,,,,,,,,,,,,,,,,,,,,,,,,,,,,,,,,,,,,,,,,,,,
,,,,,,,,,,,,,,,,,,,,,,,,,,,,,,,,,,,,,,,,,,,,,,,,,
 ,,,,,,,,,,,,,,,,,,,,,,,,,,,,,,,,,,,,,,,,,,,,,,,,,
,,,,,,,,,,,,,,,,,,,,,,,,,,,,,,,,,,,,,,,,,,,,,,,,,
 ,,,,,,,,,,,,,,,,,,,,,,,,,,,,,,,,,,,,,,,,,,,,,,,,,
,,,,,,,,,,,,,,,,,,,,,,,,,,,,,,,,,,,,,,,,,,,,,,,,,
epoch number,test number,l,N,G,Pm,Pc,,,,,,,,,,,,,,,,,,,,,,,,,,,,,,,,,,,,,,,,,,,
,,,,,,,,,,,,,,,,,,,,,,,,,,,,,,,,,,,,,,,,,,,,,,,,,
3,1,10,40,5,0.01,0.9,,,,,,,,,,,,,,,,,,,,,,,,,,,,,,,,,,,,,,,,,,,
,,,,,,,,,,,,,,,,,,,,,,,,,,,,,,,,,,,,,,,,,,,,,,,,,
averagefitness,,,,,,,,,,,,,,,,,,,,,,,,,,,,,,,,,,,,,,,,,,,,,,,,,
,,,,,,,,,,,,,,,,,,,,,,,,,,,,,,,,,,,,,,,,,,,,,,,,,
0.071493139,0.633551114,0.462470257,0.462470257,0.473128578,,,,,,,,,,,,,,,,,,,,,,,,,,,,,,,,,,,,,,,,,,,,,
,,,,,,,,,,,,,,,,,,,,,,,,,,,,,,,,,,,,,,,,,,,,,,,,,
bestfitness,,,,,,,,,,,,,,,,,,,,,,,,,,,,,,,,,,,,,,,,,,,,,,,,,
,,,,,,,,,,,,,,,,,,,,,,,,,,,,,,,,,,,,,,,,,,,,,,,,,
0.990277179,0.915505286,0.462470257,0.462470257,0.888803096,,,,,,,,,,,,,,,,,,,,,,,,,,,,,,,,,,,,,,,,,,,,,
,,,,,,,,,,,,,,,,,,,,,,,,,,,,,,,,,,,,,,,,,,,,,,,,,
numcorrectbits,,,,,,,,,,,,,,,,,,,,,,,,,,,,,,,,,,,,,,,,,,,,,,,,,
,,,,,,,,,,,,,,,,,,,,,,,,,,,,,,,,,,,,,,,,,,,,,,,,,
7,6,6,6,6,,,,,,,,,,,,,,,,,,,,,,,,,,,,,,,,,,,,,,,,,,,,,
,,,,,,,,,,,,,,,,,,,,,,,,,,,,,,,,,,,,,,,,,,,,,,,,,
 ,,,,,,,,,,,,,,,,,,,,,,,,,,,,,,,,,,,,,,,,,,,,,,,,,
,,,,,,,,,,,,,,,,,,,,,,,,,,,,,,,,,,,,,,,,,,,,,,,,,
epoch number,test number,l,N,G,Pm,Pc,,,,,,,,,,,,,,,,,,,,,,,,,,,,,,,,,,,,,,,,,,,
,,,,,,,,,,,,,,,,,,,,,,,,,,,,,,,,,,,,,,,,,,,,,,,,,
3,2,10,40,5,0.01,0.9,,,,,,,,,,,,,,,,,,,,,,,,,,,,,,,,,,,,,,,,,,,
,,,,,,,,,,,,,,,,,,,,,,,,,,,,,,,,,,,,,,,,,,,,,,,,,
averagefitness,,,,,,,,,,,,,,,,,,,,,,,,,,,,,,,,,,,,,,,,,,,,,,,,,
,,,,,,,,,,,,,,,,,,,,,,,,,,,,,,,,,,,,,,,,,,,,,,,,,
0.05984115,0.143914964,0.205662052,0.119342479,0.163108882,,,,,,,,,,,,,,,,,,,,,,,,,,,,,,,,,,,,,,,,,,,,,
,,,,,,,,,,,,,,,,,,,,,,,,,,,,,,,,,,,,,,,,,,,,,,,,,
bestfitness,,,,,,,,,,,,,,,,,,,,,,,,,,,,,,,,,,,,,,,,,,,,,,,,,
,,,,,,,,,,,,,,,,,,,,,,,,,,,,,,,,,,,,,,,,,,,,,,,,,
0.98063952,0.35401156,0.35401156,0.350194761,0.350194761,,,,,,,,,,,,,,,,,,,,,,,,,,,,,,,,,,,,,,,,,,,,,
,,,,,,,,,,,,,,,,,,,,,,,,,,,,,,,,,,,,,,,,,,,,,,,,,
numcorrectbits,,,,,,,,,,,,,,,,,,,,,,,,,,,,,,,,,,,,,,,,,,,,,,,,,
,,,,,,,,,,,,,,,,,,,,,,,,,,,,,,,,,,,,,,,,,,,,,,,,,
5,5,7,6,3,,,,,,,,,,,,,,,,,,,,,,,,,,,,,,,,,,,,,,,,,,,,,
,,,,,,,,,,,,,,,,,,,,,,,,,,,,,,,,,,,,,,,,,,,,,,,,,
 ,,,,,,,,,,,,,,,,,,,,,,,,,,,,,,,,,,,,,,,,,,,,,,,,,
,,,,,,,,,,,,,,,,,,,,,,,,,,,,,,,,,,,,,,,,,,,,,,,,,
epoch number,test number,l,N,G,Pm,Pc,,,,,,,,,,,,,,,,,,,,,,,,,,,,,,,,,,,,,,,,,,,
,,,,,,,,,,,,,,,,,,,,,,,,,,,,,,,,,,,,,,,,,,,,,,,,,
3,3,10,40,5,0.01,0.9,,,,,,,,,,,,,,,,,,,,,,,,,,,,,,,,,,,,,,,,,,,
,,,,,,,,,,,,,,,,,,,,,,,,,,,,,,,,,,,,,,,,,,,,,,,,,
averagefitness,,,,,,,,,,,,,,,,,,,,,,,,,,,,,,,,,,,,,,,,,,,,,,,,,
,,,,,,,,,,,,,,,,,,,,,,,,,,,,,,,,,,,,,,,,,,,,,,,,,
0.075534153,0.334622815,0.111206564,0.126896735,0.553312699,,,,,,,,,,,,,,,,,,,,,,,,,,,,,,,,,,,,,,,,,,,,,
,,,,,,,,,,,,,,,,,,,,,,,,,,,,,,,,,,,,,,,,,,,,,,,,,
bestfitness,,,,,,,,,,,,,,,,,,,,,,,,,,,,,,,,,,,,,,,,,,,,,,,,,
,,,,,,,,,,,,,,,,,,,,,,,,,,,,,,,,,,,,,,,,,,,,,,,,,
0.990277179,0.735348005,0.184995646,0.126896735,0.575755644,,,,,,,,,,,,,,,,,,,,,,,,,,,,,,,,,,,,,,,,,,,,,
,,,,,,,,,,,,,,,,,,,,,,,,,,,,,,,,,,,,,,,,,,,,,,,,,
numcorrectbits,,,,,,,,,,,,,,,,,,,,,,,,,,,,,,,,,,,,,,,,,,,,,,,,,
,,,,,,,,,,,,,,,,,,,,,,,,,,,,,,,,,,,,,,,,,,,,,,,,,
4,5,4,6,4,,,,,,,,,,,,,,,,,,,,,,,,,,,,,,,,,,,,,,,,,,,,,
,,,,,,,,,,,,,,,,,,,,,,,,,,,,,,,,,,,,,,,,,,,,,,,,,
 ,,,,,,,,,,,,,,,,,,,,,,,,,,,,,,,,,,,,,,,,,,,,,,,,,
,,,,,,,,,,,,,,,,,,,,,,,,,,,,,,,,,,,,,,,,,,,,,,,,,
 ,,,,,,,,,,,,,,,,,,,,,,,,,,,,,,,,,,,,,,,,,,,,,,,,,
,,,,,,,,,,,,,,,,,,,,,,,,,,,,,,,,,,,,,,,,,,,,,,,,,
 ,,,,,,,,,,,,,,,,,,,,,,,,,,,,,,,,,,,,,,,,,,,,,,,,,
,,,,,,,,,,,,,,,,,,,,,,,,,,,,,,,,,,,,,,,,,,,,,,,,,
epoch number,test number,l,N,G,Pm,Pc,,,,,,,,,,,,,,,,,,,,,,,,,,,,,,,,,,,,,,,,,,,
,,,,,,,,,,,,,,,,,,,,,,,,,,,,,,,,,,,,,,,,,,,,,,,,,
4,1,50,50,50,0.5,0.5,,,,,,,,,,,,,,,,,,,,,,,,,,,,,,,,,,,,,,,,,,,
,,,,,,,,,,,,,,,,,,,,,,,,,,,,,,,,,,,,,,,,,,,,,,,,,
averagefitness,,,,,,,,,,,,,,,,,,,,,,,,,,,,,,,,,,,,,,,,,,,,,,,,,
,,,,,,,,,,,,,,,,,,,,,,,,,,,,,,,,,,,,,,,,,,,,,,,,,
0.06871499,0.079027997,0.033225784,0.001634196,0.082195484,0.046114384,0.554377917,0.009673558,0.000131399,0.105845777,0.191440407,0.00057931,6.10E-05,9.70E-05,1.31E-07,0.005162078,0.495841382,0.025310572,0.000101739,0.00228229,0.177767333,0.075166183,1.08E-05,0.00432347,0.107926223,0.313092199,0.000115512,0.045779677,0.003734019,0.394548925,0.594848016,0.026564488,0.000317693,0.061488032,0.174301493,0.014184241,0.027011627,0.438020481,0.000824327,0.089717682,0.209831821,0.01615711,0.002969469,0.008474287,0.83700819,0.001836975,0.000407909,0.162016241,0.238539733,0.002105311
,,,,,,,,,,,,,,,,,,,,,,,,,,,,,,,,,,,,,,,,,,,,,,,,,
bestfitness,,,,,,,,,,,,,,,,,,,,,,,,,,,,,,,,,,,,,,,,,,,,,,,,,
,,,,,,,,,,,,,,,,,,,,,,,,,,,,,,,,,,,,,,,,,,,,,,,,,
0.816783708,0.408399115,0.757401675,0.001736223,0.888446257,0.262601579,0.942959217,0.01081295,0.000576112,0.21169112,0.382880814,0.007240836,0.000873133,0.001398033,7.85E-07,0.018923192,0.928036511,0.048224042,0.000117462,0.057049084,0.368438583,0.21335899,2.07E-05,0.088084724,0.223069935,0.869582576,0.001434842,0.076164604,0.167528901,0.818649055,0.99230225,0.053126514,0.000360201,0.51050627,0.347195339,0.127917157,0.141321567,0.952067852,0.001643244,0.659929781,0.381323694,0.033478691,0.147828546,0.008647232,0.83700819,0.091703944,0.009937293,0.242850029,0.540794093,0.003732524
,,,,,,,,,,,,,,,,,,,,,,,,,,,,,,,,,,,,,,,,,,,,,,,,,
numcorrectbits,,,,,,,,,,,,,,,,,,,,,,,,,,,,,,,,,,,,,,,,,,,,,,,,,
,,,,,,,,,,,,,,,,,,,,,,,,,,,,,,,,,,,,,,,,,,,,,,,,,
30,23,30,36,32,23,27,25,19,25,29,24,20,25,27,24,25,22,27,27,21,25,27,23,27,24,21,29,28,31,24,32,21,25,29,23,23,27,28,31,26,21,21,30,21,21,22,31,25,26
,,,,,,,,,,,,,,,,,,,,,,,,,,,,,,,,,,,,,,,,,,,,,,,,,
 ,,,,,,,,,,,,,,,,,,,,,,,,,,,,,,,,,,,,,,,,,,,,,,,,,
,,,,,,,,,,,,,,,,,,,,,,,,,,,,,,,,,,,,,,,,,,,,,,,,,
epoch number,test number,l,N,G,Pm,Pc,,,,,,,,,,,,,,,,,,,,,,,,,,,,,,,,,,,,,,,,,,,
,,,,,,,,,,,,,,,,,,,,,,,,,,,,,,,,,,,,,,,,,,,,,,,,,
4,2,50,50,50,0.5,0.5,,,,,,,,,,,,,,,,,,,,,,,,,,,,,,,,,,,,,,,,,,,
,,,,,,,,,,,,,,,,,,,,,,,,,,,,,,,,,,,,,,,,,,,,,,,,,
averagefitness,,,,,,,,,,,,,,,,,,,,,,,,,,,,,,,,,,,,,,,,,,,,,,,,,
,,,,,,,,,,,,,,,,,,,,,,,,,,,,,,,,,,,,,,,,,,,,,,,,,
0.092687985,0.042928048,0.045924639,0.053190449,7.54E-05,0.022205653,0.000302603,0.092407064,5.85E-09,0.004066498,0.002327884,0.362627308,0.031687032,0.368462844,0.040048631,0.031713567,0.003330144,0.002227867,0.058195327,0.000653834,0.045805256,0.001242698,0.026912301,0.036665568,0.019226213,0.358329061,0.013930374,0.403946487,3.76E-05,0.000227071,0.000913534,0.230184093,0.042661451,0.050683344,0.034323727,0.001203174,0.000737802,0.005945195,0.03621333,0.000175271,6.61E-05,0.00684291,0.594162021,0.0065443,0.356994349,0.265440759,0.552200284,3.86E-05,8.07E-06,0.000144475
,,,,,,,,,,,,,,,,,,,,,,,,,,,,,,,,,,,,,,,,,,,,,,,,,
bestfitness,,,,,,,,,,,,,,,,,,,,,,,,,,,,,,,,,,,,,,,,,,,,,,,,,
,,,,,,,,,,,,,,,,,,,,,,,,,,,,,,,,,,,,,,,,,,,,,,,,,
0.756281427,0.197674888,0.081485999,0.126643548,0.001250352,0.042735029,0.000605203,0.092407064,5.85E-09,0.004399269,0.004844875,0.787900382,0.649874304,0.695356636,0.75988648,0.063418507,0.006325539,0.005063334,0.060459187,0.010725209,0.160923091,0.031067447,0.058963588,0.07051052,0.326664617,0.829658332,0.04877082,0.91091275,3.76E-05,0.000227071,0.000913534,0.230184093,0.522932022,0.057429354,0.068646853,0.002233582,0.03688394,0.07431494,0.07356453,0.002943257,9.05E-05,0.09570073,0.721836447,0.228440056,0.843310465,0.519723965,0.982604625,0.000964368,8.07E-06,0.000144475
,,,,,,,,,,,,,,,,,,,,,,,,,,,,,,,,,,,,,,,,,,,,,,,,,
numcorrectbits,,,,,,,,,,,,,,,,,,,,,,,,,,,,,,,,,,,,,,,,,,,,,,,,,
,,,,,,,,,,,,,,,,,,,,,,,,,,,,,,,,,,,,,,,,,,,,,,,,,
23,27,28,21,20,19,27,25,23,28,27,23,27,29,28,21,29,24,24,23,31,20,24,25,24,26,35,26,24,26,26,20,21,28,30,24,24,28,21,24,22,25,19,22,22,26,20,31,28,25
,,,,,,,,,,,,,,,,,,,,,,,,,,,,,,,,,,,,,,,,,,,,,,,,,
 ,,,,,,,,,,,,,,,,,,,,,,,,,,,,,,,,,,,,,,,,,,,,,,,,,
,,,,,,,,,,,,,,,,,,,,,,,,,,,,,,,,,,,,,,,,,,,,,,,,,
epoch number,test number,l,N,G,Pm,Pc,,,,,,,,,,,,,,,,,,,,,,,,,,,,,,,,,,,,,,,,,,,
,,,,,,,,,,,,,,,,,,,,,,,,,,,,,,,,,,,,,,,,,,,,,,,,,
4,3,50,50,50,0.5,0.5,,,,,,,,,,,,,,,,,,,,,,,,,,,,,,,,,,,,,,,,,,,
,,,,,,,,,,,,,,,,,,,,,,,,,,,,,,,,,,,,,,,,,,,,,,,,,
averagefitness,,,,,,,,,,,,,,,,,,,,,,,,,,,,,,,,,,,,,,,,,,,,,,,,,
,,,,,,,,,,,,,,,,,,,,,,,,,,,,,,,,,,,,,,,,,,,,,,,,,
0.062615904,0.108873281,0.095306272,0.003673494,0.039126654,0.2831698,0.044391401,0.019542114,0.040744585,0.085936656,0.026208074,1.37E-05,0.01991129,0.009639817,0.003867505,0.007835788,0.131664836,0.006150546,0.000639394,0.034373366,0.013477592,0.016542182,0.300372121,3.10E-16,1.63E-05,0.008013314,0.019317227,0.291997481,0.03020292,9.55E-08,0.437542472,0.0001517,0.149680979,0.037586252,0.000393371,0.002546693,0.058488171,0.028021255,0.235349481,0.263348721,0.040312919,0.185411627,0.012560741,0.063636315,0.373238719,0.04701725,0.01369432,0.112506991,0.132570786,0.109570321
,,,,,,,,,,,,,,,,,,,,,,,,,,,,,,,,,,,,,,,,,,,,,,,,,
bestfitness,,,,,,,,,,,,,,,,,,,,,,,,,,,,,,,,,,,,,,,,,,,,,,,,,
,,,,,,,,,,,,,,,,,,,,,,,,,,,,,,,,,,,,,,,,,,,,,,,,,
0.977802712,0.310475622,0.205303618,0.166371925,0.067459744,0.584258207,0.427891486,0.041682178,0.059801279,0.306649492,0.052416079,2.60E-05,0.035981383,0.292618463,0.038674753,0.194924346,0.131664836,0.131989991,0.000655587,0.068746732,0.013477592,0.262599829,0.300372121,3.10E-16,0.000272127,0.140829015,0.136870127,0.623551786,0.867103491,1.04E-07,0.437542472,0.007093775,0.497223634,0.400916663,0.000771614,0.004179899,0.255940999,0.698400653,0.817899126,0.846514568,0.142257693,0.370823254,0.0295809,0.528820451,0.39706007,0.051074134,0.022098777,0.137284758,0.258461659,0.893976254
,,,,,,,,,,,,,,,,,,,,,,,,,,,,,,,,,,,,,,,,,,,,,,,,,
numcorrectbits,,,,,,,,,,,,,,,,,,,,,,,,,,,,,,,,,,,,,,,,,,,,,,,,,
,,,,,,,,,,,,,,,,,,,,,,,,,,,,,,,,,,,,,,,,,,,,,,,,,
26,23,29,23,25,30,29,26,28,19,23,24,22,23,23,19,19,32,27,22,23,27,20,28,27,29,33,23,17,23,25,28,19,22,30,25,25,28,26,26,22,20,23,30,21,32,23,19,23,25
,,,,,,,,,,,,,,,,,,,,,,,,,,,,,,,,,,,,,,,,,,,,,,,,,
 ,,,,,,,,,,,,,,,,,,,,,,,,,,,,,,,,,,,,,,,,,,,,,,,,,
,,,,,,,,,,,,,,,,,,,,,,,,,,,,,,,,,,,,,,,,,,,,,,,,,
 ,,,,,,,,,,,,,,,,,,,,,,,,,,,,,,,,,,,,,,,,,,,,,,,,,
,,,,,,,,,,,,,,,,,,,,,,,,,,,,,,,,,,,,,,,,,,,,,,,,,
 ,,,,,,,,,,,,,,,,,,,,,,,,,,,,,,,,,,,,,,,,,,,,,,,,,
,,,,,,,,,,,,,,,,,,,,,,,,,,,,,,,,,,,,,,,,,,,,,,,,,
epoch number,test number,l,N,G,Pm,Pc,,,,,,,,,,,,,,,,,,,,,,,,,,,,,,,,,,,,,,,,,,,
,,,,,,,,,,,,,,,,,,,,,,,,,,,,,,,,,,,,,,,,,,,,,,,,,
5,1,50,50,50,0.033,0.6,,,,,,,,,,,,,,,,,,,,,,,,,,,,,,,,,,,,,,,,,,,
,,,,,,,,,,,,,,,,,,,,,,,,,,,,,,,,,,,,,,,,,,,,,,,,,
averagefitness,,,,,,,,,,,,,,,,,,,,,,,,,,,,,,,,,,,,,,,,,,,,,,,,,
,,,,,,,,,,,,,,,,,,,,,,,,,,,,,,,,,,,,,,,,,,,,,,,,,
0.077802022,0.113496511,0.040332442,0.039564515,0.078634653,0.008041905,0.010508055,0.007697155,0.053505029,0.030872345,0.06205605,0.011954547,0.515720199,0.770306561,2.62E-05,7.36E-05,0.27569421,0.19785733,0.640506418,0.075201552,0.003103779,0.162237952,1.24E-07,5.52E-05,0.017348548,0.104830478,0.007515092,0.005106721,0.002926735,0.004110598,0.003162982,0.18801096,0.078464267,0.628154574,0.00040764,0.12725823,0.036574917,0.45786559,0.000174815,0.287069875,0.074334756,0.112667382,0.114059264,0.374916301,0.042262457,0.010835323,0.093623146,0.272644921,0.001680684,0.035624112
,,,,,,,,,,,,,,,,,,,,,,,,,,,,,,,,,,,,,,,,,,,,,,,,,
bestfitness,,,,,,,,,,,,,,,,,,,,,,,,,,,,,,,,,,,,,,,,,,,,,,,,,
,,,,,,,,,,,,,,,,,,,,,,,,,,,,,,,,,,,,,,,,,,,,,,,,,
0.718077874,0.35187021,0.350977195,0.337716335,0.106262657,0.131228937,0.131327102,0.131179874,0.296918639,0.042332903,0.175115967,0.179230032,0.680038145,0.933847982,0.000109801,9.90E-05,0.666152897,0.652784498,0.652729596,0.626616487,0.005006095,0.320248078,1.24E-07,5.99E-05,0.033810563,0.203595284,0.008687654,0.01102939,0.003726865,0.026926537,0.026928012,0.490744278,0.490744278,0.932970431,0.000849621,0.252662521,0.252662521,0.738231174,0.000349521,0.573598746,0.749466664,0.749466656,0.188955383,0.540125202,0.084524909,0.084524877,0.299221088,0.299221088,0.003235478,0.070868423
,,,,,,,,,,,,,,,,,,,,,,,,,,,,,,,,,,,,,,,,,,,,,,,,,
numcorrectbits,,,,,,,,,,,,,,,,,,,,,,,,,,,,,,,,,,,,,,,,,,,,,,,,,
,,,,,,,,,,,,,,,,,,,,,,,,,,,,,,,,,,,,,,,,,,,,,,,,,
26,27,23,19,27,24,26,27,25,25,23,24,27,27,26,29,28,29,30,24,27,22,21,24,25,28,22,18,20,22,26,19,31,27,33,26,31,27,22,29,22,31,32,33,28,27,20,28,29,20
,,,,,,,,,,,,,,,,,,,,,,,,,,,,,,,,,,,,,,,,,,,,,,,,,
 ,,,,,,,,,,,,,,,,,,,,,,,,,,,,,,,,,,,,,,,,,,,,,,,,,
,,,,,,,,,,,,,,,,,,,,,,,,,,,,,,,,,,,,,,,,,,,,,,,,,
epoch number,test number,l,N,G,Pm,Pc,,,,,,,,,,,,,,,,,,,,,,,,,,,,,,,,,,,,,,,,,,,
,,,,,,,,,,,,,,,,,,,,,,,,,,,,,,,,,,,,,,,,,,,,,,,,,
5,2,50,50,50,0.033,0.6,,,,,,,,,,,,,,,,,,,,,,,,,,,,,,,,,,,,,,,,,,,
,,,,,,,,,,,,,,,,,,,,,,,,,,,,,,,,,,,,,,,,,,,,,,,,,
averagefitness,,,,,,,,,,,,,,,,,,,,,,,,,,,,,,,,,,,,,,,,,,,,,,,,,
,,,,,,,,,,,,,,,,,,,,,,,,,,,,,,,,,,,,,,,,,,,,,,,,,
0.097180669,0.321004381,0.498280768,0.044200608,0.040743259,2.56E-08,0.853186808,0.133346551,0.946672925,0.108149077,0.194968796,0.213923242,0.038184392,0.43230964,0.083094745,0.037168448,0.113359344,0.041565217,0.052970189,0.188427587,0.461754937,0.891952674,0.501915246,0.65633836,0.094541381,0.083981244,0.029343137,0.078794698,0.099178633,0.137763282,0.085262986,0.153179668,0.349535053,0.096474833,0.125986434,0.135132168,0.20420693,0.042570172,0.071487156,0.79247592,0.003100236,0.010612162,0.191771695,0.078295577,0.028849118,0.028076496,0.014505584,0.058000715,0.019260458,0.014446058
,,,,,,,,,,,,,,,,,,,,,,,,,,,,,,,,,,,,,,,,,,,,,,,,,
bestfitness,,,,,,,,,,,,,,,,,,,,,,,,,,,,,,,,,,,,,,,,,,,,,,,,,
,,,,,,,,,,,,,,,,,,,,,,,,,,,,,,,,,,,,,,,,,,,,,,,,,
0.999346538,0.853591474,0.850754421,0.050790059,0.040921827,2.56E-08,0.853186808,0.853186808,0.959837072,0.957193251,0.957193251,0.318203269,0.318203269,0.623198417,0.152961122,0.152936655,0.186342693,0.186344829,0.186361649,0.80387055,0.906349765,0.943534173,0.943534209,0.943534209,0.943534209,0.492921678,0.321779228,0.325325849,0.2271011,0.227101255,0.225498768,0.873934591,0.874495922,0.454527219,0.454527223,0.456934393,0.365036468,0.365067272,0.162449257,0.836166571,0.154997333,0.176869307,0.205631099,0.205631099,0.206219914,0.03362707,0.033619868,0.58352254,0.025712559,0.025803229
,,,,,,,,,,,,,,,,,,,,,,,,,,,,,,,,,,,,,,,,,,,,,,,,,
numcorrectbits,,,,,,,,,,,,,,,,,,,,,,,,,,,,,,,,,,,,,,,,,,,,,,,,,
,,,,,,,,,,,,,,,,,,,,,,,,,,,,,,,,,,,,,,,,,,,,,,,,,
34,30,32,25,33,33,21,37,28,27,32,27,28,30,29,30,21,23,22,28,24,24,20,21,23,26,29,32,32,30,30,30,22,23,24,34,23,21,31,32,23,29,37,30,31,29,23,26,25,32
,,,,,,,,,,,,,,,,,,,,,,,,,,,,,,,,,,,,,,,,,,,,,,,,,
 ,,,,,,,,,,,,,,,,,,,,,,,,,,,,,,,,,,,,,,,,,,,,,,,,,
,,,,,,,,,,,,,,,,,,,,,,,,,,,,,,,,,,,,,,,,,,,,,,,,,
epoch number,test number,l,N,G,Pm,Pc,,,,,,,,,,,,,,,,,,,,,,,,,,,,,,,,,,,,,,,,,,,
,,,,,,,,,,,,,,,,,,,,,,,,,,,,,,,,,,,,,,,,,,,,,,,,,
5,3,50,50,50,0.033,0.6,,,,,,,,,,,,,,,,,,,,,,,,,,,,,,,,,,,,,,,,,,,
,,,,,,,,,,,,,,,,,,,,,,,,,,,,,,,,,,,,,,,,,,,,,,,,,
averagefitness,,,,,,,,,,,,,,,,,,,,,,,,,,,,,,,,,,,,,,,,,,,,,,,,,
,,,,,,,,,,,,,,,,,,,,,,,,,,,,,,,,,,,,,,,,,,,,,,,,,
0.086727371,0.116853765,0.016450114,0.071484305,0.164882174,0.048145519,0.320147451,0.001020788,7.85E-05,0.051540286,0.124637251,0.013566607,0.075242458,0.234714042,0.149038541,0.016812917,0.314504311,0.184070253,0.002404241,0.003606473,0.158663697,0.043429211,0.177648457,1.54E-07,0.245976079,0.05166823,0.015758668,0.043440652,0.550296424,0.000559682,9.14E-05,0.394031316,0.592334619,0.090878666,0.160047215,0.244274732,0.129483812,0.158457819,1.08E-05,0.000122013,0.03099177,0.016216756,0.000164492,2.53E-05,6.76E-05,8.10E-06,0.038152151,0.110022698,0.041715565,0.018948542
,,,,,,,,,,,,,,,,,,,,,,,,,,,,,,,,,,,,,,,,,,,,,,,,,
bestfitness,,,,,,,,,,,,,,,,,,,,,,,,,,,,,,,,,,,,,,,,,,,,,,,,,
,,,,,,,,,,,,,,,,,,,,,,,,,,,,,,,,,,,,,,,,,,,,,,,,,
0.975579649,0.975579649,0.14080342,0.162464328,0.164993512,0.166279836,0.639920718,0.001020788,7.85E-05,0.056015222,0.266072715,0.3782812,0.378280702,0.434655493,0.399126305,0.017274523,0.389372933,0.389384315,0.012132046,0.012105721,0.355560857,0.355560857,0.198219673,1.54E-07,0.245976079,0.05166823,0.05166823,0.043442285,0.833434196,0.000559682,0.000561128,0.395407417,0.745437735,0.827890128,0.823890069,0.254327224,0.345248783,0.46583302,1.08E-05,0.000122013,0.035201382,0.372086044,0.000315671,0.000315671,0.00031524,0.00031524,0.079446218,0.142390414,0.103681289,0.034139881
,,,,,,,,,,,,,,,,,,,,,,,,,,,,,,,,,,,,,,,,,,,,,,,,,
numcorrectbits,,,,,,,,,,,,,,,,,,,,,,,,,,,,,,,,,,,,,,,,,,,,,,,,,
,,,,,,,,,,,,,,,,,,,,,,,,,,,,,,,,,,,,,,,,,,,,,,,,,
24,19,16,24,18,23,21,26,29,21,18,22,24,22,21,29,28,23,21,33,24,33,28,33,28,23,27,27,28,25,22,24,22,27,28,18,27,27,27,23,24,24,26,27,24,29,26,21,23,19
,,,,,,,,,,,,,,,,,,,,,,,,,,,,,,,,,,,,,,,,,,,,,,,,,
 ,,,,,,,,,,,,,,,,,,,,,,,,,,,,,,,,,,,,,,,,,,,,,,,,,
,,,,,,,,,,,,,,,,,,,,,,,,,,,,,,,,,,,,,,,,,,,,,,,,,
 ,,,,,,,,,,,,,,,,,,,,,,,,,,,,,,,,,,,,,,,,,,,,,,,,,
,,,,,,,,,,,,,,,,,,,,,,,,,,,,,,,,,,,,,,,,,,,,,,,,,
 ,,,,,,,,,,,,,,,,,,,,,,,,,,,,,,,,,,,,,,,,,,,,,,,,,
,,,,,,,,,,,,,,,,,,,,,,,,,,,,,,,,,,,,,,,,,,,,,,,,,
epoch number,test number,l,N,G,Pm,Pc,,,,,,,,,,,,,,,,,,,,,,,,,,,,,,,,,,,,,,,,,,,
,,,,,,,,,,,,,,,,,,,,,,,,,,,,,,,,,,,,,,,,,,,,,,,,,
6,1,50,50,50,0.02,0.4,,,,,,,,,,,,,,,,,,,,,,,,,,,,,,,,,,,,,,,,,,,
,,,,,,,,,,,,,,,,,,,,,,,,,,,,,,,,,,,,,,,,,,,,,,,,,
averagefitness,,,,,,,,,,,,,,,,,,,,,,,,,,,,,,,,,,,,,,,,,,,,,,,,,
,,,,,,,,,,,,,,,,,,,,,,,,,,,,,,,,,,,,,,,,,,,,,,,,,
0.084236942,0.259773281,0.04094058,0.014391914,0.028773211,0.053547192,3.92E-06,0.00831842,0.021906951,0.011944633,0.006359318,0.009226017,0.017703918,0.530727033,0.456802604,0.320065861,0.337170676,0.419640478,0.036617023,0.363859237,0.285887334,0.190705132,0.032615591,0.060671463,0.071751338,0.034789181,0.083152742,0.09734091,0.010823455,0.050137864,0.087420103,0.080110444,0.371564985,0.07401141,0.082731049,0.375043744,0.475361132,0.283742482,0.089371254,0.025647899,0.003499214,0.775785101,0.196250176,0.404289112,2.90E-05,0.000175244,0.000186662,0.000173565,0.090532538,0.00134983
,,,,,,,,,,,,,,,,,,,,,,,,,,,,,,,,,,,,,,,,,,,,,,,,,
bestfitness,,,,,,,,,,,,,,,,,,,,,,,,,,,,,,,,,,,,,,,,,,,,,,,,,
,,,,,,,,,,,,,,,,,,,,,,,,,,,,,,,,,,,,,,,,,,,,,,,,,
0.948603515,0.948458014,0.689383153,0.717848162,0.71878283,0.107094384,3.92E-06,0.010397045,0.044875846,0.027282528,0.018702913,0.44259795,0.44259795,0.787635165,0.787635165,0.787633242,0.621012132,0.744789637,0.187724756,0.420761406,0.416753238,0.416753238,0.416753238,0.060982926,0.089539931,0.068455344,0.151570928,0.151274482,0.147744909,0.178454514,0.178454514,0.178456994,0.655743544,0.655772899,0.556464532,0.770959257,0.770959257,0.770476436,0.556668815,0.025647899,0.025647899,0.807963138,0.807962892,0.807962892,5.68E-05,0.000236458,0.000186699,0.000186699,0.154826563,0.033745334
,,,,,,,,,,,,,,,,,,,,,,,,,,,,,,,,,,,,,,,,,,,,,,,,,
numcorrectbits,,,,,,,,,,,,,,,,,,,,,,,,,,,,,,,,,,,,,,,,,,,,,,,,,
,,,,,,,,,,,,,,,,,,,,,,,,,,,,,,,,,,,,,,,,,,,,,,,,,
30,22,27,25,28,26,22,23,15,22,25,24,23,23,20,23,21,28,24,24,20,17,26,25,26,29,22,19,20,20,20,19,16,21,23,23,21,30,27,32,29,25,28,18,23,26,21,26,27,23
,,,,,,,,,,,,,,,,,,,,,,,,,,,,,,,,,,,,,,,,,,,,,,,,,
 ,,,,,,,,,,,,,,,,,,,,,,,,,,,,,,,,,,,,,,,,,,,,,,,,,
,,,,,,,,,,,,,,,,,,,,,,,,,,,,,,,,,,,,,,,,,,,,,,,,,
epoch number,test number,l,N,G,Pm,Pc,,,,,,,,,,,,,,,,,,,,,,,,,,,,,,,,,,,,,,,,,,,
,,,,,,,,,,,,,,,,,,,,,,,,,,,,,,,,,,,,,,,,,,,,,,,,,
6,2,50,50,50,0.02,0.4,,,,,,,,,,,,,,,,,,,,,,,,,,,,,,,,,,,,,,,,,,,
,,,,,,,,,,,,,,,,,,,,,,,,,,,,,,,,,,,,,,,,,,,,,,,,,
averagefitness,,,,,,,,,,,,,,,,,,,,,,,,,,,,,,,,,,,,,,,,,,,,,,,,,
,,,,,,,,,,,,,,,,,,,,,,,,,,,,,,,,,,,,,,,,,,,,,,,,,
0.072416974,0.219689372,0.645756048,0.185981681,0.500818529,0.440928564,0.202453322,0.356699512,0.014287269,0.156129028,0.502291755,0.144262971,0.116661234,0.395475811,0.459262573,0.271473004,0.243198188,0.261778776,0.534030781,0.124093146,0.109581523,0.002088793,0.000153267,0.006416004,0.065371328,0.000583903,0.252371528,0.022373395,0.216948249,0.021387086,0.050028666,1.77E-18,1.18E-07,3.46E-05,1.33E-05,3.56E-06,0.025568276,0.03752125,0.022257654,0.019306109,0.048105833,0.032740538,0.032116923,0.062177959,0.68681262,0.280549944,0.130642435,0.241015685,0.100688282,0.052157744
,,,,,,,,,,,,,,,,,,,,,,,,,,,,,,,,,,,,,,,,,,,,,,,,,
bestfitness,,,,,,,,,,,,,,,,,,,,,,,,,,,,,,,,,,,,,,,,,,,,,,,,,
,,,,,,,,,,,,,,,,,,,,,,,,,,,,,,,,,,,,,,,,,,,,,,,,,
0.917760933,0.520430692,0.849342138,0.421551889,0.818964604,0.501718056,0.424092956,0.356701244,0.35669748,0.35669748,0.697014433,0.958772823,0.697021809,0.818053308,0.818037513,0.818037513,0.531487333,0.531487006,0.542651783,0.564059756,0.218679221,0.003831687,0.003831687,0.007670066,0.161339879,0.004555448,0.525141152,0.125850182,0.531488276,0.531488181,0.053666747,1.77E-18,1.28E-07,9.09E-05,9.12E-05,9.12E-05,0.031180793,0.038111868,0.038375257,0.038586757,0.754144768,0.754144768,0.754144768,0.754144768,0.754144653,0.754141062,0.544313316,0.544313316,0.544313229,0.157856709
,,,,,,,,,,,,,,,,,,,,,,,,,,,,,,,,,,,,,,,,,,,,,,,,,
numcorrectbits,,,,,,,,,,,,,,,,,,,,,,,,,,,,,,,,,,,,,,,,,,,,,,,,,
,,,,,,,,,,,,,,,,,,,,,,,,,,,,,,,,,,,,,,,,,,,,,,,,,
22,25,25,23,26,28,30,25,26,30,28,29,30,22,24,31,24,26,24,26,19,25,27,28,23,23,24,23,25,24,19,29,29,31,20,29,26,30,23,28,29,21,21,22,22,23,20,20,20,23
,,,,,,,,,,,,,,,,,,,,,,,,,,,,,,,,,,,,,,,,,,,,,,,,,
 ,,,,,,,,,,,,,,,,,,,,,,,,,,,,,,,,,,,,,,,,,,,,,,,,,
,,,,,,,,,,,,,,,,,,,,,,,,,,,,,,,,,,,,,,,,,,,,,,,,,
epoch number,test number,l,N,G,Pm,Pc,,,,,,,,,,,,,,,,,,,,,,,,,,,,,,,,,,,,,,,,,,,
,,,,,,,,,,,,,,,,,,,,,,,,,,,,,,,,,,,,,,,,,,,,,,,,,
6,3,50,50,50,0.02,0.4,,,,,,,,,,,,,,,,,,,,,,,,,,,,,,,,,,,,,,,,,,,
,,,,,,,,,,,,,,,,,,,,,,,,,,,,,,,,,,,,,,,,,,,,,,,,,
averagefitness,,,,,,,,,,,,,,,,,,,,,,,,,,,,,,,,,,,,,,,,,,,,,,,,,
,,,,,,,,,,,,,,,,,,,,,,,,,,,,,,,,,,,,,,,,,,,,,,,,,
0.056894407,0.067103841,0.210958758,0.428072764,0.829481417,0.839122498,0.05063287,0.802859919,0.81347289,0.217565352,0.004045238,0.002324683,0.002085437,0.632329524,0.186772902,0.206805657,0.05204125,0.033486603,0.022562726,0.115981188,0.191032124,0.126112694,0.141679859,0.122834302,0.139007995,0.080797509,0.151572654,0.034481102,0.646661696,0.10269239,0.112127539,0.026835331,0.245982098,0.031471919,0.897393381,0.829831174,0.567220822,0.172383953,0.435411561,0.05369132,8.10E-15,0.505840569,0.020337237,0.019351845,0.629268881,0.309368794,0.018633653,0.372153465,0.282678252,0.630811407
,,,,,,,,,,,,,,,,,,,,,,,,,,,,,,,,,,,,,,,,,,,,,,,,,
bestfitness,,,,,,,,,,,,,,,,,,,,,,,,,,,,,,,,,,,,,,,,,,,,,,,,,
,,,,,,,,,,,,,,,,,,,,,,,,,,,,,,,,,,,,,,,,,,,,,,,,,
0.784729651,0.784729651,0.849852363,0.849852363,0.841428365,0.841432447,0.833089396,0.841432703,0.975719696,0.981575069,0.032134172,0.004631975,0.002085437,0.687133357,0.367098319,0.367098319,0.308371249,0.203521725,0.203521726,0.20352169,0.245449549,0.245622002,0.151345506,0.219211872,0.219211872,0.147918621,0.303131704,0.303341464,0.966087375,0.204521544,0.223627249,0.223627868,0.930812247,0.930812238,0.930812177,0.931384546,0.930812177,0.230677106,0.435411561,0.061012342,8.10E-15,0.549826705,0.551931872,0.019419617,0.712581582,0.618028252,0.618028252,0.564847849,0.566309634,0.910093736
,,,,,,,,,,,,,,,,,,,,,,,,,,,,,,,,,,,,,,,,,,,,,,,,,
numcorrectbits,,,,,,,,,,,,,,,,,,,,,,,,,,,,,,,,,,,,,,,,,,,,,,,,,
,,,,,,,,,,,,,,,,,,,,,,,,,,,,,,,,,,,,,,,,,,,,,,,,,
30,29,33,28,26,26,26,27,24,22,25,21,24,23,24,23,22,20,26,27,26,28,30,25,25,23,24,28,24,27,22,27,23,28,31,27,29,26,22,29,27,29,27,23,27,23,26,27,30,28
,,,,,,,,,,,,,,,,,,,,,,,,,,,,,,,,,,,,,,,,,,,,,,,,,
 ,,,,,,,,,,,,,,,,,,,,,,,,,,,,,,,,,,,,,,,,,,,,,,,,,
,,,,,,,,,,,,,,,,,,,,,,,,,,,,,,,,,,,,,,,,,,,,,,,,,
 ,,,,,,,,,,,,,,,,,,,,,,,,,,,,,,,,,,,,,,,,,,,,,,,,,
,,,,,,,,,,,,,,,,,,,,,,,,,,,,,,,,,,,,,,,,,,,,,,,,,
 ,,,,,,,,,,,,,,,,,,,,,,,,,,,,,,,,,,,,,,,,,,,,,,,,,
